,federal_district_type,federal_district,region_type,region,city_type,city,population
0,ФО,Центральный,,,г,Москва,11514330
1,ФО,Центральный,обл,Московская,г,Люберцы,171978
2,ФО,Центральный,обл,Московская,г,Котельники,32347
3,ФО,Центральный,обл,Московская,г,Лыткарино,55147
4,ФО,Центральный,обл,Московская,г,Дзержинский,47125
5,ФО,Центральный,обл,Московская,г,Раменское,96355
6,ФО,Центральный,обл,Московская,г,Бронницы,21102
7,ФО,Центральный,обл,Московская,г,Жуковский,102729
8,ФО,Центральный,обл,Московская,г,Воскресенск,91301
9,ФО,Центральный,обл,Московская,г,Белоозёрский,17842
10,ФО,Центральный,обл,Московская,г,Егорьевск,70133
11,ФО,Центральный,обл,Московская,г,Коломна,144642
12,ФО,Центральный,обл,Московская,г,Луховицы,29849
13,ФО,Центральный,обл,Московская,г,Озёры,25788
14,ФО,Центральный,обл,Московская,г,Зарайск,24648
15,ФО,Центральный,обл,Московская,г,Шатура,32836
16,ФО,Центральный,обл,Московская,г,Рошаль,21265
17,ФО,Центральный,обл,Московская,г,Мытищи,173341
18,ФО,Центральный,обл,Московская,г,Лобня,74350
19,ФО,Центральный,обл,Московская,г,Королёв,183452
20,ФО,Центральный,обл,Московская,г,Щёлково,110380
21,ФО,Центральный,обл,Московская,г,Лосино-Петровский,22550
22,ФО,Центральный,обл,Московская,г,Фрязино,55449
23,ФО,Центральный,обл,Московская,г,Пушкино,102840
24,ФО,Центральный,обл,Московская,г,Ивантеевка,58594
25,ФО,Центральный,обл,Московская,г,Красноармейск,26294
26,ФО,Центральный,обл,Московская,г,Сергиев Посад,110878
27,ФО,Центральный,обл,Московская,г,Пересвет,14142
28,ФО,Центральный,обл,Московская,г,Краснозаводск,13432
29,ФО,Центральный,обл,Московская,г,Хотьково,21612
30,ФО,Центральный,обл,Московская,г,Химки,207125
31,ФО,Центральный,обл,Московская,г,Солнечногорск,52996
32,ФО,Центральный,обл,Московская,г,Клин,80584
33,ФО,Центральный,обл,Московская,г,Высоковск,10642
34,ФО,Центральный,обл,Московская,г,Долгопрудный,90976
35,ФО,Центральный,обл,Московская,г,Дмитров,61454
36,ФО,Центральный,обл,Московская,г,Яхрома,13248
37,ФО,Центральный,обл,Московская,г,Талдом,13819
38,ФО,Центральный,обл,Московская,г,Дубна,70569
39,ФО,Центральный,обл,Московская,г,Домодедово,96123
40,ФО,Центральный,обл,Московская,г,Подольск,187956
41,ФО,Центральный,обл,Московская,г,Серпухов,126496
42,ФО,Центральный,обл,Московская,г,Протвино,37308
43,ФО,Центральный,обл,Московская,г,Пущино,20263
44,ФО,Центральный,обл,Московская,г,Чехов,60677
45,ФО,Центральный,обл,Московская,г,Ногинск,99762
46,ФО,Центральный,обл,Московская,г,Черноголовка,20986
47,ФО,Центральный,обл,Московская,г,Старая Купавна,21859
48,ФО,Центральный,обл,Московская,г,Электроугли,20120
49,ФО,Центральный,обл,Московская,г,Павловский Посад,63771
50,ФО,Центральный,обл,Московская,г,Электрогорск,22120
51,ФО,Центральный,обл,Московская,г,Орехово-Зуево,120620
52,ФО,Центральный,обл,Московская,г,Куровское,21821
53,ФО,Центральный,обл,Московская,г,Дрезна,11815
54,ФО,Центральный,обл,Московская,г,Ликино-Дулёво,31331
55,ФО,Центральный,обл,Московская,г,Видное,56798
56,ФО,Центральный,обл,Московская,г,Ступино,66942
57,ФО,Центральный,обл,Московская,г,Кашира,41880
58,ФО,Центральный,обл,Московская,г,Одинцово,139021
59,ФО,Центральный,обл,Московская,г,Голицыно,17447
60,ФО,Центральный,обл,Московская,г,Кубинка,22918
61,ФО,Центральный,обл,Московская,г,Краснознаменск,36057
62,ФО,Центральный,обл,Московская,г,Руза,13495
63,ФО,Центральный,обл,Московская,г,Звенигород,16395
64,ФО,Центральный,обл,Московская,г,Можайск,31388
65,ФО,Центральный,обл,Московская,г,Наро-Фоминск,64640
66,ФО,Центральный,обл,Московская,г,Верея,5368
67,ФО,Центральный,обл,Московская,г,Апрелевка,18467
68,ФО,Центральный,обл,Московская,г,Красногорск,116738
69,ФО,Центральный,обл,Московская,г,Истра,35106
70,ФО,Центральный,обл,Московская,г,Дедовск,29280
71,ФО,Центральный,обл,Московская,г,Волоколамск,23386
72,ФО,Центральный,обл,Московская,г,Балашиха,215353
73,ФО,Центральный,обл,Московская,г,Реутов,87195
74,ФО,Центральный,обл,Московская,г,Электросталь,155324
75,ФО,Центральный,обл,Ярославская,г,Ярославль,591486
76,ФО,Центральный,обл,Ярославская,г,Переславль-Залесский,41923
77,ФО,Центральный,обл,Ярославская,г,Данилов,15861
78,ФО,Центральный,обл,Ярославская,г,Ростов,31791
79,ФО,Центральный,обл,Ярославская,г,Гаврилов-Ям,17792
80,ФО,Центральный,обл,Ярославская,г,Тутаев,41001
81,ФО,Центральный,обл,Ярославская,г,Любим,5553
82,ФО,Центральный,обл,Ярославская,г,Углич,34505
83,ФО,Центральный,обл,Ярославская,г,Мышкин,5932
84,ФО,Центральный,обл,Ярославская,г,Пошехонье,6085
85,ФО,Центральный,обл,Ярославская,г,Рыбинск,200771
86,ФО,Центральный,обл,Ивановская,г,Иваново,409277
87,ФО,Центральный,обл,Ивановская,г,Кохма,29408
88,ФО,Центральный,обл,Ивановская,г,Гаврилов Посад,6434
89,ФО,Центральный,обл,Ивановская,г,Тейково,34993
90,ФО,Центральный,обл,Ивановская,г,Комсомольск,8693
91,ФО,Центральный,обл,Ивановская,г,Родники,26318
92,ФО,Центральный,обл,Ивановская,г,Вичуга,37609
93,ФО,Центральный,обл,Ивановская,г,Пучеж,8583
94,ФО,Центральный,обл,Ивановская,г,Заволжск,12045
95,ФО,Центральный,обл,Ивановская,г,Юрьевец,10205
96,ФО,Центральный,обл,Ивановская,г,Фурманов,36149
97,ФО,Центральный,обл,Ивановская,г,Приволжск,16749
98,ФО,Центральный,обл,Ивановская,г,Плес,2341
99,ФО,Центральный,обл,Ивановская,г,Южа,14170
100,ФО,Центральный,обл,Ивановская,г,Кинешма,88113
101,ФО,Центральный,обл,Ивановская,г,Наволоки,10207
102,ФО,Центральный,обл,Ивановская,г,Шуя,58528
103,ФО,Центральный,обл,Костромская,г,Кострома,268617
104,ФО,Центральный,обл,Костромская,г,Волгореченск,17108
105,ФО,Центральный,обл,Костромская,г,Буй,25763
106,ФО,Центральный,обл,Костромская,г,Чухлома,5209
107,ФО,Центральный,обл,Костромская,г,Солигалич,6438
108,ФО,Центральный,обл,Костромская,г,Галич,17346
109,ФО,Центральный,обл,Костромская,г,Мантурово,17479
110,ФО,Центральный,обл,Костромская,г,Нея,9827
111,ФО,Центральный,обл,Костромская,г,Кологрив,3314
112,ФО,Центральный,обл,Костромская,г,Макарьев,7114
113,ФО,Центральный,обл,Костромская,г,Шарья,23668
114,ФО,Центральный,обл,Костромская,г,Нерехта,22817
115,ФО,Северо-Западный,обл,Вологодская,г,Вологда,301642
116,ФО,Северо-Западный,обл,Вологодская,г,Кириллов,7735
117,ФО,Северо-Западный,обл,Вологодская,г,Белозерск,9614
118,ФО,Северо-Западный,обл,Вологодская,г,Тотьма,9784
119,ФО,Северо-Западный,обл,Вологодская,г,Никольск,8515
120,ФО,Северо-Западный,обл,Вологодская,г,Грязовец,15528
121,ФО,Северо-Западный,обл,Вологодская,г,Кадников,4797
122,ФО,Северо-Западный,обл,Вологодская,г,Сокол,38454
123,ФО,Северо-Западный,обл,Вологодская,г,Харовск,10078
124,ФО,Северо-Западный,обл,Вологодская,г,Красавино,7003
125,ФО,Северо-Западный,обл,Вологодская,г,Великий Устюг,31664
126,ФО,Северо-Западный,обл,Вологодская,г,Бабаево,12074
127,ФО,Северо-Западный,обл,Вологодская,г,Череповец,312311
128,ФО,Северо-Западный,обл,Вологодская,г,Устюжна,9478
129,ФО,Северо-Западный,обл,Вологодская,г,Вытегра,10490
130,ФО,Северо-Западный,обл,Архангельская,г,Архангельск,348716
131,ФО,Северо-Западный,обл,Архангельская,г,Каргополь,10148
132,ФО,Северо-Западный,обл,Архангельская,г,Мирный,30259
133,ФО,Северо-Западный,обл,Архангельская,г,Няндома,22354
134,ФО,Северо-Западный,обл,Архангельская,г,Северодвинск,192265
135,ФО,Северо-Западный,обл,Архангельская,г,Мезень,3599
136,ФО,Северо-Западный,обл,Архангельская,г,Онега,21359
137,ФО,Северо-Западный,обл,Архангельская,г,Новодвинск,40612
138,ФО,Северо-Западный,обл,Архангельская,г,Вельск,23885
139,ФО,Северо-Западный,обл,Архангельская,г,Шенкурск,5702
140,ФО,Северо-Западный,обл,Архангельская,г,Котлас,60562
141,ФО,Северо-Западный,обл,Архангельская,г,Сольвычегодск,2460
142,ФО,Северо-Западный,обл,Архангельская,г,Коряжма,39629
143,ФО,Северо-Западный,АО,Ненецкий,г,Нарьян-Мар,21296
144,ФО,Северо-Западный,Респ,Коми,г,Сыктывкар,235006
145,ФО,Северо-Западный,Респ,Коми,г,Микунь,10732
146,ФО,Северо-Западный,Респ,Коми,г,Емва,14574
147,ФО,Северо-Западный,Респ,Коми,г,Ухта,99642
148,ФО,Северо-Западный,Респ,Коми,г,Сосногорск,27809
149,ФО,Северо-Западный,Респ,Коми,г,Вуктыл,12357
150,ФО,Северо-Западный,Респ,Коми,г,Печора,43458
151,ФО,Северо-Западный,Респ,Коми,г,Усинск,41100
152,ФО,Северо-Западный,Респ,Коми,г,Инта,32021
153,ФО,Северо-Западный,Респ,Коми,г,Воркута,70551
154,ФО,Центральный,обл,Тверская,г,Тверь,403726
155,ФО,Центральный,обл,Тверская,г,Бологое,23499
156,ФО,Центральный,обл,Тверская,г,Вышний Волочек,52326
157,ФО,Центральный,обл,Тверская,г,Лихославль,12259
158,ФО,Центральный,обл,Тверская,г,Конаково,41303
159,ФО,Центральный,обл,Тверская,г,Старица,8610
160,ФО,Центральный,обл,Тверская,г,Кимры,49623
161,ФО,Центральный,обл,Тверская,г,Калязин,13870
162,ФО,Центральный,обл,Тверская,г,Кашин,16174
163,ФО,Центральный,обл,Тверская,г,Красный Холм,5608
164,ФО,Центральный,обл,Тверская,г,Весьегонск,7330
165,ФО,Центральный,обл,Тверская,г,Удомля,31048
166,ФО,Центральный,обл,Тверская,г,Бежецк,24517
167,ФО,Центральный,обл,Тверская,г,Торжок,47702
168,ФО,Центральный,обл,Тверская,г,Кувшиново,10008
169,ФО,Центральный,обл,Тверская,г,Зубцов,6937
170,ФО,Центральный,обл,Тверская,г,Ржев,62026
171,ФО,Центральный,обл,Тверская,г,Нелидово,22886
172,ФО,Центральный,обл,Тверская,г,Белый,3771
173,ФО,Центральный,обл,Тверская,г,Западная Двина,9376
174,ФО,Центральный,обл,Тверская,г,Осташков,18073
175,ФО,Центральный,обл,Тверская,г,Андреаполь,8265
176,ФО,Центральный,обл,Тверская,г,Торопец,13018
177,ФО,Северо-Западный,обл,Новгородская,г,Великий Новгород,218724
178,ФО,Северо-Западный,обл,Новгородская,г,Чудово,16148
179,ФО,Северо-Западный,обл,Новгородская,г,Малая Вишера,12461
180,ФО,Северо-Западный,обл,Новгородская,г,Окуловка,12464
181,ФО,Северо-Западный,обл,Новгородская,г,Боровичи,54731
182,ФО,Северо-Западный,обл,Новгородская,г,Пестово,15911
183,ФО,Северо-Западный,обл,Новгородская,г,Сольцы,10317
184,ФО,Северо-Западный,обл,Новгородская,г,Старая Русса,32235
185,ФО,Северо-Западный,обл,Новгородская,г,Холм,3829
186,ФО,Северо-Западный,обл,Новгородская,г,Валдай,16099
187,ФО,Северо-Западный,обл,Псковская,г,Псков,203974
188,ФО,Северо-Западный,обл,Псковская,г,Остров,21670
189,ФО,Северо-Западный,обл,Псковская,г,Пыталово,5826
190,ФО,Северо-Западный,обл,Псковская,г,Печоры,12308
191,ФО,Северо-Западный,обл,Псковская,г,Гдов,4379
192,ФО,Северо-Западный,обл,Псковская,г,Великие Луки,98778
193,ФО,Северо-Западный,обл,Псковская,г,Новосокольники,8119
194,ФО,Северо-Западный,обл,Псковская,г,Себеж,6375
195,ФО,Северо-Западный,обл,Псковская,г,Пустошка,4619
196,ФО,Северо-Западный,обл,Псковская,г,Опочка,11601
197,ФО,Северо-Западный,обл,Псковская,г,Новоржев,3695
198,ФО,Северо-Западный,обл,Псковская,г,Невель,16324
199,ФО,Северо-Западный,обл,Псковская,г,Порхов,10608
200,ФО,Северо-Западный,обл,Псковская,г,Дно,9061
201,ФО,Северо-Западный,обл,Мурманская,г,Мурманск,307664
202,ФО,Северо-Западный,обл,Мурманская,г,Кандалакша,35659
203,ФО,Северо-Западный,обл,Мурманская,г,Ковдор,18836
204,ФО,Северо-Западный,обл,Мурманская,г,Апатиты,59690
205,ФО,Северо-Западный,обл,Мурманская,г,Полярные Зори,15106
206,ФО,Северо-Западный,обл,Мурманская,г,Кировск,28659
207,ФО,Северо-Западный,обл,Мурманская,г,Заозерск,11206
208,ФО,Северо-Западный,обл,Мурманская,г,Кола,10447
209,ФО,Северо-Западный,обл,Мурманская,г,Заполярный,15835
210,ФО,Северо-Западный,обл,Мурманская,г,Мончегорск,45381
211,ФО,Северо-Западный,обл,Мурманская,г,Оленегорск,23079
212,ФО,Северо-Западный,обл,Мурманская,г,Североморск,50076
213,ФО,Северо-Западный,обл,Мурманская,г,Островной,2177
214,ФО,Северо-Западный,обл,Мурманская,г,Полярный,17304
215,ФО,Северо-Западный,обл,Мурманская,г,Гаджиево,11089
216,ФО,Северо-Западный,обл,Мурманская,г,Снежногорск,12698
217,ФО,Северо-Западный,Респ,Карелия,г,Петрозаводск,263540
218,ФО,Северо-Западный,Респ,Карелия,г,Олонец,9060
219,ФО,Северо-Западный,Респ,Карелия,г,Пудож,9698
220,ФО,Северо-Западный,Респ,Карелия,г,Кондопога,32978
221,ФО,Северо-Западный,Респ,Карелия,г,Медвежьегорск,15536
222,ФО,Северо-Западный,Респ,Карелия,г,Сегежа,29660
223,ФО,Северо-Западный,Респ,Карелия,г,Беломорск,11217
224,ФО,Северо-Западный,Респ,Карелия,г,Кемь,13061
225,ФО,Северо-Западный,Респ,Карелия,г,Лахденпохья,7818
226,ФО,Северо-Западный,Респ,Карелия,г,Сортавала,19215
227,ФО,Северо-Западный,Респ,Карелия,г,Питкяранта,11484
228,ФО,Северо-Западный,Респ,Карелия,г,Суоярви,9763
229,ФО,Северо-Западный,Респ,Карелия,г,Костомукша,28433
230,ФО,Северо-Западный,обл,Ленинградская,г,Тосно,39127
231,ФО,Северо-Западный,обл,Ленинградская,г,Никольское,19345
232,ФО,Северо-Западный,обл,Ленинградская,г,Любань,4188
233,ФО,Северо-Западный,обл,Ленинградская,г,Кириши,52826
234,ФО,Северо-Западный,обл,Ленинградская,г,Шлиссельбург,13305
235,ФО,Северо-Западный,обл,Ленинградская,г,Отрадное,23874
236,ФО,Северо-Западный,обл,Ленинградская,г,Кировск,25633
237,ФО,Северо-Западный,обл,Ленинградская,г,Волхов,47344
238,ФО,Северо-Западный,обл,Ленинградская,г,Сясьстрой,13747
239,ФО,Северо-Западный,обл,Ленинградская,г,Новая Ладога,8890
240,ФО,Северо-Западный,обл,Ленинградская,г,Тихвин,58843
241,ФО,Северо-Западный,обл,Ленинградская,г,Пикалево,21567
242,ФО,Северо-Западный,обл,Ленинградская,г,Бокситогорск,16593
243,ФО,Северо-Западный,обл,Ленинградская,г,Лодейное Поле,21053
244,ФО,Северо-Западный,обл,Ленинградская,г,Подпорожье,18729
245,ФО,Северо-Западный,обл,Ленинградская,г,Луга,36409
246,ФО,Северо-Западный,обл,Ленинградская,г,Гатчина,92566
247,ФО,Северо-Западный,обл,Ленинградская,г,Коммунар,20265
248,ФО,Северо-Западный,обл,Ленинградская,г,Волосово,12162
249,ФО,Северо-Западный,обл,Ленинградская,г,Кингисепп,48667
250,ФО,Северо-Западный,обл,Ленинградская,г,Ивангород,9797
251,ФО,Северо-Западный,обл,Ленинградская,г,Сосновый Бор,65901
252,ФО,Северо-Западный,обл,Ленинградская,г,Сланцы,33587
253,ФО,Северо-Западный,обл,Ленинградская,г,Всеволожск,59689
254,ФО,Северо-Западный,обл,Ленинградская,г,Сертолово,47854
255,ФО,Северо-Западный,обл,Ленинградская,г,Мурино,19775
256,ФО,Северо-Западный,обл,Ленинградская,г,Кудрово,13501
257,ФО,Северо-Западный,обл,Ленинградская,г,Приозерск,18929
258,ФО,Северо-Западный,обл,Ленинградская,г,Выборг,80013
259,ФО,Северо-Западный,обл,Ленинградская,г,Высоцк,1244
260,ФО,Северо-Западный,обл,Ленинградская,г,Приморск,6122
261,ФО,Северо-Западный,обл,Ленинградская,г,Каменногорск,6761
262,ФО,Северо-Западный,обл,Ленинградская,г,Светогорск,15973
263,ФО,Северо-Западный,,,г,Санкт-Петербург,4848742
264,ФО,Центральный,обл,Смоленская,г,Смоленск,326863
265,ФО,Центральный,обл,Смоленская,г,Гагарин,31721
266,ФО,Центральный,обл,Смоленская,г,Вязьма,57103
267,ФО,Центральный,обл,Смоленская,г,Сычевка,8111
268,ФО,Центральный,обл,Смоленская,г,Сафоново,46116
269,ФО,Центральный,обл,Смоленская,г,Дорогобуж,10720
270,ФО,Центральный,обл,Смоленская,г,Ярцево,47853
271,ФО,Центральный,обл,Смоленская,г,Духовщина,4370
272,ФО,Центральный,обл,Смоленская,г,Демидов,7333
273,ФО,Центральный,обл,Смоленская,г,Велиж,7620
274,ФО,Центральный,обл,Смоленская,г,Ельня,10095
275,ФО,Центральный,обл,Смоленская,г,Десногорск,29677
276,ФО,Центральный,обл,Смоленская,г,Починок,8776
277,ФО,Центральный,обл,Смоленская,г,Рославль,54898
278,ФО,Центральный,обл,Смоленская,г,Рудня,10029
279,ФО,Северо-Западный,обл,Калининградская,г,Калининград,431491
280,ФО,Северо-Западный,обл,Калининградская,г,Нестеров,4584
281,ФО,Северо-Западный,обл,Калининградская,г,Гусев,28260
282,ФО,Северо-Западный,обл,Калининградская,г,Озерск,4740
283,ФО,Северо-Западный,обл,Калининградская,г,Черняховск,40464
284,ФО,Северо-Западный,обл,Калининградская,г,Гвардейск,13888
285,ФО,Северо-Западный,обл,Калининградская,г,Гурьевск,12433
286,ФО,Северо-Западный,обл,Калининградская,г,Зеленоградск,13015
287,ФО,Северо-Западный,обл,Калининградская,г,Светлый,21380
288,ФО,Северо-Западный,обл,Калининградская,г,Правдинск,4323
289,ФО,Северо-Западный,обл,Калининградская,г,Багратионовск,6399
290,ФО,Северо-Западный,обл,Калининградская,г,Мамоново,7757
291,ФО,Северо-Западный,обл,Калининградская,г,Ладушкин,3788
292,ФО,Северо-Западный,обл,Калининградская,г,Приморск,1956
293,ФО,Северо-Западный,обл,Калининградская,г,Балтийск,32670
294,ФО,Северо-Западный,обл,Калининградская,г,Светлогорск,10775
295,ФО,Северо-Западный,обл,Калининградская,г,Пионерский,11017
296,ФО,Северо-Западный,обл,Калининградская,г,Славск,4614
297,ФО,Северо-Западный,обл,Калининградская,г,Полесск,7580
298,ФО,Северо-Западный,обл,Калининградская,г,Неман,11794
299,ФО,Северо-Западный,обл,Калининградская,г,Краснознаменск,3522
300,ФО,Северо-Западный,обл,Калининградская,г,Советск,41709
301,ФО,Центральный,обл,Брянская,г,Брянск,415640
302,ФО,Центральный,обл,Брянская,г,Сельцо,17933
303,ФО,Центральный,обл,Брянская,г,Трубчевск,15014
304,ФО,Центральный,обл,Брянская,г,Севск,7282
305,ФО,Центральный,обл,Брянская,г,Карачев,19715
306,ФО,Центральный,обл,Брянская,г,Дятьково,29438
307,ФО,Центральный,обл,Брянская,г,Фокино,13874
308,ФО,Центральный,обл,Брянская,г,Жуковка,18269
309,ФО,Центральный,обл,Брянская,г,Новозыбков,40552
310,ФО,Центральный,обл,Брянская,г,Клинцы,62510
311,ФО,Центральный,обл,Брянская,г,Мглин,7916
312,ФО,Центральный,обл,Брянская,г,Стародуб,19010
313,ФО,Центральный,обл,Брянская,г,Унеча,26196
314,ФО,Центральный,обл,Брянская,г,Почеп,17933
315,ФО,Центральный,обл,Брянская,г,Сураж,11640
316,ФО,Центральный,обл,Брянская,г,Злынка,5507
317,ФО,Центральный,обл,Калужская,г,Калуга,325185
318,ФО,Центральный,обл,Калужская,г,Балабаново,26337
319,ФО,Центральный,обл,Калужская,г,Боровск,12283
320,ФО,Центральный,обл,Калужская,г,Ермолино,10409
321,ФО,Центральный,обл,Калужская,г,Обнинск,104798
322,ФО,Центральный,обл,Калужская,г,Малоярославец,30401
323,ФО,Центральный,обл,Калужская,г,Таруса,9656
324,ФО,Центральный,обл,Калужская,г,Белоусово,8432
325,ФО,Центральный,обл,Калужская,г,Кременки,11617
326,ФО,Центральный,обл,Калужская,г,Жуков,12150
327,ФО,Центральный,обл,Калужская,г,Мещовск,4101
328,ФО,Центральный,обл,Калужская,г,Сухиничи,16295
329,ФО,Центральный,обл,Калужская,г,Жиздра,5585
330,ФО,Центральный,обл,Калужская,г,Людиново,40550
331,ФО,Центральный,обл,Калужская,г,Киров,31888
332,ФО,Центральный,обл,Калужская,г,Спас-Деменск,4904
333,ФО,Центральный,обл,Калужская,г,Сосенский,12394
334,ФО,Центральный,обл,Калужская,г,Козельск,18203
335,ФО,Центральный,обл,Калужская,г,Кондрово,16672
336,ФО,Центральный,обл,Калужская,г,Юхнов,7056
337,ФО,Центральный,обл,Калужская,г,Мосальск,4285
338,ФО,Центральный,обл,Калужская,г,Медынь,8298
339,ФО,Южный,Респ,Крым,г,Симферополь,332317
340,ФО,Южный,Респ,Крым,г,Красноперекопск,26268
341,ФО,Южный,Респ,Крым,г,Армянск,21987
342,ФО,Южный,Респ,Крым,г,Джанкой,38622
343,ФО,Южный,Респ,Крым,г,Саки,25146
344,ФО,Южный,Респ,Крым,г,Старый Крым,9277
345,ФО,Южный,Респ,Крым,г,Евпатория,105719
346,ФО,Южный,Респ,Крым,г,Белогорск,16354
347,ФО,Южный,Респ,Крым,г,Судак,16492
348,ФО,Южный,Респ,Крым,г,Феодосия,69038
349,ФО,Южный,Респ,Крым,г,Щелкино,10620
350,ФО,Южный,Респ,Крым,г,Керчь,147033
351,ФО,Южный,Респ,Крым,г,Бахчисарай,27448
352,ФО,Южный,Респ,Крым,г,Алушта,29078
353,ФО,Южный,Респ,Крым,г,Ялта,76746
354,ФО,Южный,Респ,Крым,г,Алупка,7771
355,ФО,Южный,,,г,Севастополь,393304
356,ФО,Центральный,обл,Тульская,г,Тула,501129
357,ФО,Центральный,обл,Тульская,г,Ясногорск,16804
358,ФО,Центральный,обл,Тульская,г,Советск,7537
359,ФО,Центральный,обл,Тульская,г,Щекино,58154
360,ФО,Центральный,обл,Тульская,г,Киреевск,25585
361,ФО,Центральный,обл,Тульская,г,Липки,8741
362,ФО,Центральный,обл,Тульская,г,Болохово,9619
363,ФО,Центральный,обл,Тульская,г,Венев,15220
364,ФО,Центральный,обл,Тульская,г,Алексин,61738
365,ФО,Центральный,обл,Тульская,г,Чекалин,994
366,ФО,Центральный,обл,Тульская,г,Суворов,18975
367,ФО,Центральный,обл,Тульская,г,Плавск,16248
368,ФО,Центральный,обл,Тульская,г,Белев,13918
369,ФО,Центральный,обл,Тульская,г,Узловая,55282
370,ФО,Центральный,обл,Тульская,г,Новомосковск,131227
371,ФО,Центральный,обл,Тульская,г,Кимовск,28493
372,ФО,Центральный,обл,Тульская,г,Донской,64561
373,ФО,Центральный,обл,Тульская,г,Богородицк,31897
374,ФО,Центральный,обл,Тульская,г,Ефремов,42350
375,ФО,Центральный,обл,Орловская,г,Орёл,317854
376,ФО,Центральный,обл,Орловская,г,Мценск,43216
377,ФО,Центральный,обл,Орловская,г,Болхов,11421
378,ФО,Центральный,обл,Орловская,г,Дмитровск,5956
379,ФО,Центральный,обл,Орловская,г,Малоархангельск,3872
380,ФО,Центральный,обл,Орловская,г,Новосиль,3799
381,ФО,Центральный,обл,Орловская,г,Ливны,50430
382,ФО,Центральный,обл,Курская,г,Курск,414595
383,ФО,Центральный,обл,Курская,г,Обоянь,13562
384,ФО,Центральный,обл,Курская,г,Щигры,17043
385,ФО,Центральный,обл,Курская,г,Фатеж,5404
386,ФО,Центральный,обл,Курская,г,Железногорск,95057
387,ФО,Центральный,обл,Курская,г,Курчатов,42691
388,ФО,Центральный,обл,Курская,г,Рыльск,15667
389,ФО,Центральный,обл,Курская,г,Дмитриев,7721
390,ФО,Центральный,обл,Курская,г,Льгов,21452
391,ФО,Центральный,обл,Курская,г,Суджа,6036
392,ФО,Центральный,обл,Белгородская,г,Белгород,356426
393,ФО,Центральный,обл,Белгородская,г,Строитель,23933
394,ФО,Центральный,обл,Белгородская,г,Губкин,88562
395,ФО,Центральный,обл,Белгородская,г,Короча,5877
396,ФО,Центральный,обл,Белгородская,г,Шебекино,44277
397,ФО,Центральный,обл,Белгородская,г,Грайворон,6234
398,ФО,Центральный,обл,Белгородская,г,Старый Оскол,221163
399,ФО,Центральный,обл,Белгородская,г,Новый Оскол,19530
400,ФО,Центральный,обл,Белгородская,г,Алексеевка,39026
401,ФО,Центральный,обл,Белгородская,г,Бирюч,7842
402,ФО,Центральный,обл,Белгородская,г,Валуйки,35322
403,ФО,Южный,обл,Ростовская,г,Ростов-на-Дону,1091544
404,ФО,Южный,обл,Ростовская,г,Миллерово,36493
405,ФО,Южный,обл,Ростовская,г,Зверево,22416
406,ФО,Южный,обл,Ростовская,г,Донецк,50085
407,ФО,Южный,обл,Ростовская,г,Красный Сулин,40866
408,ФО,Южный,обл,Ростовская,г,Новочеркасск,169039
409,ФО,Южный,обл,Ростовская,г,Шахты,240152
410,ФО,Южный,обл,Ростовская,г,Семикаракорск,23884
411,ФО,Южный,обл,Ростовская,г,Аксай,41984
412,ФО,Южный,обл,Ростовская,г,Азов,82882
413,ФО,Южный,обл,Ростовская,г,Батайск,112400
414,ФО,Южный,обл,Ростовская,г,Новошахтинск,111087
415,ФО,Южный,обл,Ростовская,г,Белая Калитва,43688
416,ФО,Южный,обл,Ростовская,г,Морозовск,27644
417,ФО,Южный,обл,Ростовская,г,Константиновск,17926
418,ФО,Южный,обл,Ростовская,г,Цимлянск,15029
419,ФО,Южный,обл,Ростовская,г,Волгодонск,170621
420,ФО,Южный,обл,Ростовская,г,Пролетарск,20267
421,ФО,Южный,обл,Ростовская,г,Сальск,61312
422,ФО,Южный,обл,Ростовская,г,Зерноград,26850
423,ФО,Южный,обл,Ростовская,г,Каменск-Шахтинский,95306
424,ФО,Южный,обл,Ростовская,г,Гуково,67268
425,ФО,Южный,обл,Ростовская,г,Таганрог,257692
426,ФО,Южный,край,Краснодарский,г,Краснодар,744933
427,ФО,Южный,край,Краснодарский,г,Тихорецк,61825
428,ФО,Южный,край,Краснодарский,г,Гулькевичи,35225
429,ФО,Южный,край,Краснодарский,г,Новокубанск,34847
430,ФО,Южный,край,Краснодарский,г,Усть-Лабинск,43268
431,ФО,Южный,край,Краснодарский,г,Кропоткин,80743
432,ФО,Южный,край,Краснодарский,г,Курганинск,47974
433,ФО,Южный,край,Краснодарский,г,Лабинск,62822
434,ФО,Южный,край,Краснодарский,г,Белореченск,53891
435,ФО,Южный,край,Краснодарский,г,Хадыженск,21580
436,ФО,Южный,край,Краснодарский,г,Апшеронск,40229
437,ФО,Южный,край,Краснодарский,г,Тимашевск,53921
438,ФО,Южный,край,Краснодарский,г,Туапсе,63233
439,ФО,Южный,край,Краснодарский,г,Армавир,188897
440,ФО,Южный,край,Краснодарский,г,Кореновск,41179
441,ФО,Южный,край,Краснодарский,г,Горячий Ключ,30093
442,ФО,Южный,край,Краснодарский,г,Абинск,34926
443,ФО,Южный,край,Краснодарский,г,Крымск,57370
444,ФО,Южный,край,Краснодарский,г,Анапа,58983
445,ФО,Южный,край,Краснодарский,г,Геленджик,54813
446,ФО,Южный,край,Краснодарский,г,Темрюк,38014
447,ФО,Южный,край,Краснодарский,г,Славянск-на-Кубани,63768
448,ФО,Южный,край,Краснодарский,г,Ейск,87771
449,ФО,Южный,край,Краснодарский,г,Приморско-Ахтарск,32253
450,ФО,Южный,край,Краснодарский,г,Новороссийск,241788
451,ФО,Южный,край,Краснодарский,г,Сочи,343285
452,ФО,Северо-Кавказский,край,Ставропольский,г,Ставрополь,398266
453,ФО,Северо-Кавказский,край,Ставропольский,г,Новоалександровск,26759
454,ФО,Северо-Кавказский,край,Ставропольский,г,Изобильный,40546
455,ФО,Северо-Кавказский,край,Ставропольский,г,Михайловск,71018
456,ФО,Северо-Кавказский,край,Ставропольский,г,Благодарный,32736
457,ФО,Северо-Кавказский,край,Ставропольский,г,Светлоград,38520
458,ФО,Северо-Кавказский,край,Ставропольский,г,Ипатово,26055
459,ФО,Северо-Кавказский,край,Ставропольский,г,Буденновск,64628
460,ФО,Северо-Кавказский,край,Ставропольский,г,Нефтекумск,27700
461,ФО,Северо-Кавказский,край,Ставропольский,г,Невинномысск,118351
462,ФО,Северо-Кавказский,край,Ставропольский,г,Минеральные Воды,76715
463,ФО,Северо-Кавказский,край,Ставропольский,г,Новопавловск,26556
464,ФО,Северо-Кавказский,край,Ставропольский,г,Лермонтов,22540
465,ФО,Северо-Кавказский,край,Ставропольский,г,Железноводск,24496
466,ФО,Северо-Кавказский,край,Ставропольский,г,Пятигорск,142397
467,ФО,Северо-Кавказский,край,Ставропольский,г,Ессентуки,100969
468,ФО,Северо-Кавказский,край,Ставропольский,г,Кисловодск,128502
469,ФО,Северо-Кавказский,край,Ставропольский,г,Георгиевск,72126
470,ФО,Северо-Кавказский,край,Ставропольский,г,Зеленокумск,35790
471,ФО,Южный,Респ,Калмыкия,г,Элиста,103728
472,ФО,Южный,Респ,Калмыкия,г,Городовиковск,9565
473,ФО,Южный,Респ,Калмыкия,г,Лагань,14323
474,ФО,Северо-Кавказский,Респ,Кабардино-Балкарская,г,Нальчик,240095
475,ФО,Северо-Кавказский,Респ,Кабардино-Балкарская,г,Прохладный,59595
476,ФО,Северо-Кавказский,Респ,Кабардино-Балкарская,г,Майский,26755
477,ФО,Северо-Кавказский,Респ,Кабардино-Балкарская,г,Терек,19170
478,ФО,Северо-Кавказский,Респ,Кабардино-Балкарская,г,Нарткала,31679
479,ФО,Северо-Кавказский,Респ,Кабардино-Балкарская,г,Чегем,17988
480,ФО,Северо-Кавказский,Респ,Кабардино-Балкарская,г,Баксан,36857
481,ФО,Северо-Кавказский,Респ,Кабардино-Балкарская,г,Тырныауз,21000
482,ФО,Северо-Кавказский,Респ,Северная Осетия - Алания,г,Владикавказ,311635
483,ФО,Северо-Кавказский,Респ,Северная Осетия - Алания,г,Беслан,36724
484,ФО,Северо-Кавказский,Респ,Северная Осетия - Алания,г,Алагир,20949
485,ФО,Северо-Кавказский,Респ,Северная Осетия - Алания,г,Ардон,18774
486,ФО,Северо-Кавказский,Респ,Северная Осетия - Алания,г,Дигора,10856
487,ФО,Северо-Кавказский,Респ,Северная Осетия - Алания,г,Моздок,38748
488,ФО,Северо-Кавказский,Респ,Чеченская,г,Грозный,271596
489,ФО,Северо-Кавказский,Респ,Чеченская,г,Гудермес,45643
490,ФО,Северо-Кавказский,Респ,Чеченская,г,Шали,47715
491,ФО,Северо-Кавказский,Респ,Чеченская,г,Курчалой,25672
492,ФО,Северо-Кавказский,Респ,Чеченская,г,Урус-Мартан,49071
493,ФО,Северо-Кавказский,Респ,Дагестан,г,Махачкала,577990
494,ФО,Северо-Кавказский,Респ,Дагестан,г,Дербент,119961
495,ФО,Северо-Кавказский,Респ,Дагестан,г,Хасавюрт,133929
496,ФО,Северо-Кавказский,Респ,Дагестан,г,Кизилюрт,36187
497,ФО,Северо-Кавказский,Респ,Дагестан,г,Буйнакск,65735
498,ФО,Северо-Кавказский,Респ,Дагестан,г,Каспийск,103914
499,ФО,Северо-Кавказский,Респ,Дагестан,г,Избербаш,56301
500,ФО,Северо-Кавказский,Респ,Дагестан,г,Дагестанские Огни,30671
501,ФО,Северо-Кавказский,Респ,Дагестан,г,Кизляр,49169
502,ФО,Северо-Кавказский,Респ,Дагестан,г,Южно-Сухокумск,10048
503,ФО,Северо-Кавказский,Респ,Карачаево-Черкесская,г,Черкесск,121439
504,ФО,Северо-Кавказский,Респ,Карачаево-Черкесская,г,Карачаевск,23848
505,ФО,Северо-Кавказский,Респ,Карачаево-Черкесская,г,Теберда,9097
506,ФО,Северо-Кавказский,Респ,Карачаево-Черкесская,г,Усть-Джегута,30602
507,ФО,Южный,Респ,Адыгея,г,Майкоп,144055
508,ФО,Южный,Респ,Адыгея,г,Адыгейск,12689
509,ФО,Северо-Кавказский,Респ,Ингушетия,г,Магас,2505
510,ФО,Северо-Кавказский,Респ,Ингушетия,г,Назрань,93357
511,ФО,Северо-Кавказский,Респ,Ингушетия,г,Сунжа,64493
512,ФО,Северо-Кавказский,Респ,Ингушетия,г,Карабулак,31081
513,ФО,Северо-Кавказский,Респ,Ингушетия,г,Малгобек,31076
514,ФО,Центральный,обл,Рязанская,г,Рязань,525062
515,ФО,Центральный,обл,Рязанская,г,Спас-Клепики,5917
516,ФО,Центральный,обл,Рязанская,г,Спасск-Рязанский,7745
517,ФО,Центральный,обл,Рязанская,г,Рыбное,18378
518,ФО,Центральный,обл,Рязанская,г,Новомичуринск,19309
519,ФО,Центральный,обл,Рязанская,г,Кораблино,12657
520,ФО,Центральный,обл,Рязанская,г,Касимов,33494
521,ФО,Центральный,обл,Рязанская,г,Сасово,28117
522,ФО,Центральный,обл,Рязанская,г,Шацк,6562
523,ФО,Центральный,обл,Рязанская,г,Михайлов,11783
524,ФО,Центральный,обл,Рязанская,г,Скопин,30374
525,ФО,Центральный,обл,Рязанская,г,Ряжск,21676
526,ФО,Центральный,обл,Тамбовская,г,Тамбов,280457
527,ФО,Центральный,обл,Тамбовская,г,Котовск,31851
528,ФО,Центральный,обл,Тамбовская,г,Рассказово,45484
529,ФО,Центральный,обл,Тамбовская,г,Кирсанов,17240
530,ФО,Центральный,обл,Тамбовская,г,Уварово,26829
531,ФО,Центральный,обл,Тамбовская,г,Жердевка,15211
532,ФО,Центральный,обл,Тамбовская,г,Мичуринск,98758
533,ФО,Центральный,обл,Тамбовская,г,Моршанск,41550
534,ФО,Центральный,обл,Воронежская,г,Воронеж,889680
535,ФО,Центральный,обл,Воронежская,г,Нововоронеж,32635
536,ФО,Центральный,обл,Воронежская,г,Павловск,25126
537,ФО,Центральный,обл,Воронежская,г,Россошь,62865
538,ФО,Центральный,обл,Воронежская,г,Богучар,11811
539,ФО,Центральный,обл,Воронежская,г,Семилуки,26025
540,ФО,Центральный,обл,Воронежская,г,Эртиль,11387
541,ФО,Центральный,обл,Воронежская,г,Борисоглебск,65585
542,ФО,Центральный,обл,Воронежская,г,Поворино,17692
543,ФО,Центральный,обл,Воронежская,г,Новохоперск,6849
544,ФО,Центральный,обл,Воронежская,г,Бутурлиновка,27208
545,ФО,Центральный,обл,Воронежская,г,Калач,20046
546,ФО,Центральный,обл,Воронежская,г,Бобров,19738
547,ФО,Центральный,обл,Воронежская,г,Острогожск,33842
548,ФО,Центральный,обл,Воронежская,г,Лиски,55864
549,ФО,Центральный,обл,Липецкая,г,Липецк,508124
550,ФО,Центральный,обл,Липецкая,г,Грязи,46798
551,ФО,Центральный,обл,Липецкая,г,Задонск,9695
552,ФО,Центральный,обл,Липецкая,г,Усмань,18752
553,ФО,Центральный,обл,Липецкая,г,Лебедянь,20991
554,ФО,Центральный,обл,Липецкая,г,Елец,108404
555,ФО,Центральный,обл,Липецкая,г,Данков,21056
556,ФО,Центральный,обл,Липецкая,г,Чаплыгин,12656
557,ФО,Южный,обл,Волгоградская,г,Волгоград,1021244
558,ФО,Южный,обл,Волгоградская,г,Урюпинск,41594
559,ФО,Южный,обл,Волгоградская,г,Михайловка,59153
560,ФО,Южный,обл,Волгоградская,г,Серафимович,9368
561,ФО,Южный,обл,Волгоградская,г,Фролово,39489
562,ФО,Южный,обл,Волгоградская,г,Жирновск,16890
563,ФО,Южный,обл,Волгоградская,г,Котово,24104
564,ФО,Южный,обл,Волгоградская,г,Петров Вал,13264
565,ФО,Южный,обл,Волгоградская,г,Камышин,119924
566,ФО,Южный,обл,Волгоградская,г,Новоаннинский,17911
567,ФО,Южный,обл,Волгоградская,г,Дубовка,14345
568,ФО,Южный,обл,Волгоградская,г,Николаевск,15081
569,ФО,Южный,обл,Волгоградская,г,Волжский,314436
570,ФО,Южный,обл,Волгоградская,г,Краснослободск,16007
571,ФО,Южный,обл,Волгоградская,г,Палласовка,15984
572,ФО,Южный,обл,Волгоградская,г,Котельниково,20441
573,ФО,Южный,обл,Волгоградская,г,Суровикино,20527
574,ФО,Южный,обл,Волгоградская,г,Калач-на-Дону,26892
575,ФО,Южный,обл,Волгоградская,г,Ленинск,15527
576,ФО,Приволжский,обл,Саратовская,г,Саратов,836900
577,ФО,Приволжский,обл,Саратовская,г,Ртищево,41295
578,ФО,Приволжский,обл,Саратовская,г,Аркадак,12846
579,ФО,Приволжский,обл,Саратовская,г,Балашов,82222
580,ФО,Приволжский,обл,Саратовская,г,Аткарск,25620
581,ФО,Приволжский,обл,Саратовская,г,Калининск,16442
582,ФО,Приволжский,обл,Саратовская,г,Петровск,31158
583,ФО,Приволжский,обл,Саратовская,г,Хвалынск,13199
584,ФО,Приволжский,обл,Саратовская,г,Красноармейск,24362
585,ФО,Приволжский,обл,Саратовская,г,Вольск,66520
586,ФО,Приволжский,обл,Саратовская,г,Шиханы,6067
587,ФО,Приволжский,обл,Саратовская,г,Маркс,31535
588,ФО,Приволжский,обл,Саратовская,г,Энгельс,202838
589,ФО,Приволжский,обл,Саратовская,г,Красный Кут,14420
590,ФО,Приволжский,обл,Саратовская,г,Новоузенск,17015
591,ФО,Приволжский,обл,Саратовская,г,Ершов,21447
592,ФО,Приволжский,обл,Саратовская,г,Пугачев,41705
593,ФО,Приволжский,обл,Саратовская,г,Балаково,199576
594,ФО,Южный,обл,Астраханская,г,Астрахань,520662
595,ФО,Южный,обл,Астраханская,г,Харабали,18209
596,ФО,Южный,обл,Астраханская,г,Нариманов,11386
597,ФО,Южный,обл,Астраханская,г,Камызяк,16291
598,ФО,Южный,обл,Астраханская,г,Ахтубинск,41898
599,ФО,Южный,обл,Астраханская,г,Знаменск,29357
600,ФО,Приволжский,Респ,Татарстан,г,Казань,1216965
601,ФО,Приволжский,Респ,Татарстан,г,Иннополис,96
602,ФО,Приволжский,Респ,Татарстан,г,Арск,18114
603,ФО,Приволжский,Респ,Татарстан,г,Кукмор,17700
604,ФО,Приволжский,Респ,Татарстан,г,Мамадыш,14432
605,ФО,Приволжский,Респ,Татарстан,г,Агрыз,19299
606,ФО,Приволжский,Респ,Татарстан,г,Тетюши,11596
607,ФО,Приволжский,Респ,Татарстан,г,Буинск,20342
608,ФО,Приволжский,Респ,Татарстан,г,Зеленодольск,97651
609,ФО,Приволжский,Респ,Татарстан,г,Лаишево,7735
610,ФО,Приволжский,Респ,Татарстан,г,Болгар,8650
611,ФО,Приволжский,Респ,Татарстан,г,Чистополь,60703
612,ФО,Приволжский,Респ,Татарстан,г,Нурлат,32600
613,ФО,Приволжский,Респ,Татарстан,г,Бугульма,89144
614,ФО,Приволжский,Респ,Татарстан,г,Лениногорск,64145
615,ФО,Приволжский,Респ,Татарстан,г,Азнакаево,34859
616,ФО,Приволжский,Респ,Татарстан,г,Альметьевск,146309
617,ФО,Приволжский,Респ,Татарстан,г,Заинск,41798
618,ФО,Приволжский,Респ,Татарстан,г,Нижнекамск,234108
619,ФО,Приволжский,Респ,Татарстан,г,Елабуга,70750
620,ФО,Приволжский,Респ,Татарстан,г,Менделеевск,22075
621,ФО,Приволжский,Респ,Татарстан,г,Мензелинск,16474
622,ФО,Приволжский,Респ,Татарстан,г,Набережные Челны,513242
623,ФО,Приволжский,Респ,Татарстан,г,Бавлы,22109
624,ФО,Приволжский,Респ,Марий Эл,г,Йошкар-Ола,248688
625,ФО,Приволжский,Респ,Марий Эл,г,Волжск,55671
626,ФО,Приволжский,Респ,Марий Эл,г,Звенигово,11945
627,ФО,Приволжский,Респ,Марий Эл,г,Козьмодемьянск,21262
628,ФО,Приволжский,Респ,Удмуртская,г,Ижевск,628117
629,ФО,Приволжский,Респ,Удмуртская,г,Воткинск,100034
630,ФО,Приволжский,Респ,Удмуртская,г,Глазов,95835
631,ФО,Приволжский,Респ,Удмуртская,г,Можга,47959
632,ФО,Приволжский,Респ,Удмуртская,г,Камбарка,11028
633,ФО,Приволжский,Респ,Удмуртская,г,Сарапул,101390
634,ФО,Приволжский,Респ,Чувашская Республика,г,Чебоксары,447929
635,ФО,Приволжский,Респ,Чувашская Республика,г,Ядрин,9614
636,ФО,Приволжский,Респ,Чувашская Республика,г,Шумерля,33412
637,ФО,Приволжский,Респ,Чувашская Республика,г,Канаш,45608
638,ФО,Приволжский,Респ,Чувашская Республика,г,Козловка,10355
639,ФО,Приволжский,Респ,Чувашская Республика,г,Мариинский Посад,10186
640,ФО,Приволжский,Респ,Чувашская Республика,г,Алатырь,38202
641,ФО,Приволжский,Респ,Чувашская Республика,г,Цивильск,13478
642,ФО,Приволжский,Респ,Чувашская Республика,г,Новочебоксарск,124094
643,ФО,Приволжский,Респ,Мордовия,г,Саранск,318841
644,ФО,Приволжский,Респ,Мордовия,г,Темников,7247
645,ФО,Приволжский,Респ,Мордовия,г,Краснослободск,10151
646,ФО,Приволжский,Респ,Мордовия,г,Ковылкино,21307
647,ФО,Приволжский,Респ,Мордовия,г,Инсар,8687
648,ФО,Приволжский,Респ,Мордовия,г,Рузаевка,47529
649,ФО,Приволжский,Респ,Мордовия,г,Ардатов,9400
650,ФО,Приволжский,обл,Ульяновская,г,Ульяновск,613793
651,ФО,Приволжский,обл,Ульяновская,г,Инза,18547
652,ФО,Приволжский,обл,Ульяновская,г,Новоульяновск,16032
653,ФО,Приволжский,обл,Ульяновская,г,Сенгилей,6959
654,ФО,Приволжский,обл,Ульяновская,г,Димитровград,122549
655,ФО,Приволжский,обл,Ульяновская,г,Барыш,17149
656,ФО,Приволжский,обл,Пензенская,г,Пенза,519592
657,ФО,Приволжский,обл,Пензенская,г,Нижний Ломов,22678
658,ФО,Приволжский,обл,Пензенская,г,Каменка,39579
659,ФО,Приволжский,обл,Пензенская,г,Белинский,8567
660,ФО,Приволжский,обл,Пензенская,г,Сурск,7032
661,ФО,Приволжский,обл,Пензенская,г,Городище,8102
662,ФО,Приволжский,обл,Пензенская,г,Кузнецк,88886
663,ФО,Приволжский,обл,Пензенская,г,Спасск,7442
664,ФО,Приволжский,обл,Пензенская,г,Никольск,22471
665,ФО,Приволжский,обл,Пензенская,г,Сердобск,35393
666,ФО,Приволжский,обл,Пензенская,г,Заречный,63579
667,ФО,Приволжский,обл,Самарская,г,Самара,1164900
668,ФО,Приволжский,обл,Самарская,г,Тольятти,719484
669,ФО,Приволжский,обл,Самарская,г,Октябрьск,27244
670,ФО,Приволжский,обл,Самарская,г,Жигулевск,57565
671,ФО,Приволжский,обл,Самарская,г,Сызрань,178773
672,ФО,Приволжский,обл,Самарская,г,Чапаевск,72689
673,ФО,Приволжский,обл,Самарская,г,Новокуйбышевск,108449
674,ФО,Приволжский,обл,Самарская,г,Отрадный,47709
675,ФО,Приволжский,обл,Самарская,г,Кинель,34472
676,ФО,Приволжский,обл,Самарская,г,Похвистнево,28181
677,ФО,Приволжский,обл,Самарская,г,Нефтегорск,18732
678,ФО,Приволжский,Респ,Башкортостан,г,Уфа,1062300
679,ФО,Приволжский,Респ,Башкортостан,г,Белебей,60183
680,ФО,Приволжский,Респ,Башкортостан,г,Дюртюли,31272
681,ФО,Приволжский,Респ,Башкортостан,г,Бирск,41637
682,ФО,Приволжский,Респ,Башкортостан,г,Октябрьский,109379
683,ФО,Приволжский,Респ,Башкортостан,г,Нефтекамск,121757
684,ФО,Приволжский,Респ,Башкортостан,г,Туймазы,66849
685,ФО,Приволжский,Респ,Башкортостан,г,Янаул,26988
686,ФО,Приволжский,Респ,Башкортостан,г,Агидель,16365
687,ФО,Приволжский,Респ,Башкортостан,г,Стерлитамак,273432
688,ФО,Приволжский,Респ,Башкортостан,г,Ишимбай,66259
689,ФО,Приволжский,Респ,Башкортостан,г,Салават,156085
690,ФО,Приволжский,Респ,Башкортостан,г,Кумертау,62854
691,ФО,Приволжский,Респ,Башкортостан,г,Давлеканово,24040
692,ФО,Приволжский,Респ,Башкортостан,г,Благовещенск,34246
693,ФО,Приволжский,Респ,Башкортостан,г,Белорецк,68804
694,ФО,Приволжский,Респ,Башкортостан,г,Межгорье,17353
695,ФО,Приволжский,Респ,Башкортостан,г,Баймак,17710
696,ФО,Приволжский,Респ,Башкортостан,г,Учалы,37771
697,ФО,Приволжский,Респ,Башкортостан,г,Сибай,62732
698,ФО,Приволжский,Респ,Башкортостан,г,Мелеуз,61408
699,ФО,Уральский,обл,Челябинская,г,Челябинск,1130273
700,ФО,Уральский,обл,Челябинская,г,Магнитогорск,408401
701,ФО,Уральский,обл,Челябинская,г,Миньяр,10195
702,ФО,Уральский,обл,Челябинская,г,Аша,31916
703,ФО,Уральский,обл,Челябинская,г,Сим,14465
704,ФО,Уральский,обл,Челябинская,г,Усть-Катав,23586
705,ФО,Уральский,обл,Челябинская,г,Трехгорный,33678
706,ФО,Уральский,обл,Челябинская,г,Катав-Ивановск,17640
707,ФО,Уральский,обл,Челябинская,г,Юрюзань,12568
708,ФО,Уральский,обл,Челябинская,г,Карабаш,13151
709,ФО,Уральский,обл,Челябинская,г,Златоуст,174985
710,ФО,Уральский,обл,Челябинская,г,Миасс,151812
711,ФО,Уральский,обл,Челябинская,г,Чебаркуль,43405
712,ФО,Уральский,обл,Челябинская,г,Коркино,38950
713,ФО,Уральский,обл,Челябинская,г,Еманжелинск,30218
714,ФО,Уральский,обл,Челябинская,г,Копейск,137604
715,ФО,Уральский,обл,Челябинская,г,Снежинск,48896
716,ФО,Уральский,обл,Челябинская,г,Озерск,82268
717,ФО,Уральский,обл,Челябинская,г,Верхний Уфалей,30504
718,ФО,Уральский,обл,Челябинская,г,Касли,16998
719,ФО,Уральский,обл,Челябинская,г,Кыштым,38950
720,ФО,Уральский,обл,Челябинская,г,Бакал,20953
721,ФО,Уральский,обл,Челябинская,г,Сатка,45465
722,ФО,Уральский,обл,Челябинская,г,Куса,18792
723,ФО,Уральский,обл,Челябинская,г,Нязепетровск,12452
724,ФО,Уральский,обл,Челябинская,г,Пласт,17344
725,ФО,Уральский,обл,Челябинская,г,Южноуральск,37890
726,ФО,Уральский,обл,Челябинская,г,Троицк,78637
727,ФО,Уральский,обл,Челябинская,г,Карталы,29136
728,ФО,Уральский,обл,Челябинская,г,Верхнеуральск,9459
729,ФО,Приволжский,обл,Оренбургская,г,Оренбург,570329
730,ФО,Приволжский,обл,Оренбургская,г,Бузулук,82816
731,ФО,Приволжский,обл,Оренбургская,г,Соль-Илецк,26308
732,ФО,Приволжский,обл,Оренбургская,г,Бугуруслан,52249
733,ФО,Приволжский,обл,Оренбургская,г,Абдулино,20663
734,ФО,Приволжский,обл,Оренбургская,г,Сорочинск,30136
735,ФО,Приволжский,обл,Оренбургская,г,Кувандык,26176
736,ФО,Приволжский,обл,Оренбургская,г,Медногорск,27253
737,ФО,Приволжский,обл,Оренбургская,г,Новотроицк,97914
738,ФО,Приволжский,обл,Оренбургская,г,Орск,238006
739,ФО,Приволжский,обл,Оренбургская,г,Гай,38302
740,ФО,Приволжский,обл,Оренбургская,г,Ясный,16082
741,ФО,Центральный,обл,Владимирская,г,Владимир,348256
742,ФО,Центральный,обл,Владимирская,г,Радужный,18212
743,ФО,Центральный,обл,Владимирская,г,Киржач,30044
744,ФО,Центральный,обл,Владимирская,г,Костерево,9136
745,ФО,Центральный,обл,Владимирская,г,Покров,17762
746,ФО,Центральный,обл,Владимирская,г,Петушки,15167
747,ФО,Центральный,обл,Владимирская,г,Собинка,19482
748,ФО,Центральный,обл,Владимирская,г,Лакинск,15707
749,ФО,Центральный,обл,Владимирская,г,Суздаль,10535
750,ФО,Центральный,обл,Владимирская,г,Камешково,13113
751,ФО,Центральный,обл,Владимирская,г,Судогда,11848
752,ФО,Центральный,обл,Владимирская,г,Вязники,41252
753,ФО,Центральный,обл,Владимирская,г,Гороховец,14015
754,ФО,Центральный,обл,Владимирская,г,Гусь-Хрустальный,60773
755,ФО,Центральный,обл,Владимирская,г,Курлово,6791
756,ФО,Центральный,обл,Владимирская,г,Карабаново,14868
757,ФО,Центральный,обл,Владимирская,г,Александров,61544
758,ФО,Центральный,обл,Владимирская,г,Струнино,14372
759,ФО,Центральный,обл,Владимирская,г,Кольчугино,45804
760,ФО,Центральный,обл,Владимирская,г,Юрьев-Польский,19588
761,ФО,Центральный,обл,Владимирская,г,Ковров,145492
762,ФО,Центральный,обл,Владимирская,г,Меленки,15208
763,ФО,Центральный,обл,Владимирская,г,Муром,116078
764,ФО,Приволжский,обл,Нижегородская,г,Нижний Новгород,1250615
765,ФО,Приволжский,обл,Нижегородская,г,Дзержинск,240762
766,ФО,Приволжский,обл,Нижегородская,г,Володарск,9924
767,ФО,Приволжский,обл,Нижегородская,г,Павлово,60699
768,ФО,Приволжский,обл,Нижегородская,г,Ворсма,11622
769,ФО,Приволжский,обл,Нижегородская,г,Горбатов,2278
770,ФО,Приволжский,обл,Нижегородская,г,Лысково,21882
771,ФО,Приволжский,обл,Нижегородская,г,Княгинино,6708
772,ФО,Приволжский,обл,Нижегородская,г,Балахна,51526
773,ФО,Приволжский,обл,Нижегородская,г,Бор,78079
774,ФО,Приволжский,обл,Нижегородская,г,Городец,30699
775,ФО,Приволжский,обл,Нижегородская,г,Заволжье,40265
776,ФО,Приволжский,обл,Нижегородская,г,Чкаловск,12371
777,ФО,Приволжский,обл,Нижегородская,г,Семенов,24472
778,ФО,Приволжский,обл,Нижегородская,г,Урень,12311
779,ФО,Приволжский,обл,Нижегородская,г,Ветлуга,8956
780,ФО,Приволжский,обл,Нижегородская,г,Шахунья,21337
781,ФО,Приволжский,обл,Нижегородская,г,Кулебаки,35762
782,ФО,Приволжский,обл,Нижегородская,г,Выкса,56196
783,ФО,Приволжский,обл,Нижегородская,г,Навашино,16413
784,ФО,Приволжский,обл,Нижегородская,г,Саров,92073
785,ФО,Приволжский,обл,Нижегородская,г,Арзамас,106367
786,ФО,Приволжский,обл,Нижегородская,г,Перевоз,9201
787,ФО,Приволжский,обл,Нижегородская,г,Сергач,21387
788,ФО,Приволжский,обл,Нижегородская,г,Богородск,25497
789,ФО,Приволжский,обл,Нижегородская,г,Кстово,66641
790,ФО,Приволжский,обл,Нижегородская,г,Первомайск,14567
791,ФО,Приволжский,обл,Нижегородская,г,Лукоянов,14949
792,ФО,Приволжский,обл,Кировская,г,Киров,473668
793,ФО,Приволжский,обл,Кировская,г,Яранск,17252
794,ФО,Приволжский,обл,Кировская,г,Орлов,6959
795,ФО,Приволжский,обл,Кировская,г,Зуевка,11198
796,ФО,Приволжский,обл,Кировская,г,Котельнич,24979
797,ФО,Приволжский,обл,Кировская,г,Омутнинск,23618
798,ФО,Приволжский,обл,Кировская,г,Кирс,10420
799,ФО,Приволжский,обл,Кировская,г,Малмыж,8265
800,ФО,Приволжский,обл,Кировская,г,Вятские Поляны,35159
801,ФО,Приволжский,обл,Кировская,г,Сосновка,11960
802,ФО,Приволжский,обл,Кировская,г,Кирово-Чепецк,80920
803,ФО,Приволжский,обл,Кировская,г,Слободской,33983
804,ФО,Приволжский,обл,Кировская,г,Белая Холуница,11232
805,ФО,Приволжский,обл,Кировская,г,Советск,16592
806,ФО,Приволжский,обл,Кировская,г,Нолинск,9556
807,ФО,Приволжский,обл,Кировская,г,Уржум,10213
808,ФО,Приволжский,обл,Кировская,г,Мураши,6752
809,ФО,Приволжский,обл,Кировская,г,Луза,11262
810,ФО,Приволжский,край,Пермский,г,Пермь,1000679
811,ФО,Приволжский,край,Пермский,г,Нытва,19041
812,ФО,Приволжский,край,Пермский,г,Чермоз,4017
813,ФО,Приволжский,край,Пермский,г,Краснокамск,52632
814,ФО,Приволжский,край,Пермский,г,Верещагино,22760
815,ФО,Приволжский,край,Пермский,г,Очер,15003
816,ФО,Приволжский,край,Пермский,г,Кунгур,67857
817,ФО,Приволжский,край,Пермский,г,Чайковский,82933
818,ФО,Приволжский,край,Пермский,г,Чернушка,33275
819,ФО,Приволжский,край,Пермский,г,Оханск,7597
820,ФО,Приволжский,край,Пермский,г,Оса,22420
821,ФО,Приволжский,край,Пермский,г,Чусовой,46740
822,ФО,Приволжский,край,Пермский,г,Губаха,27544
823,ФО,Приволжский,край,Пермский,г,Гремячинск,11005
824,ФО,Приволжский,край,Пермский,г,Александровск,15022
825,ФО,Приволжский,край,Пермский,г,Кизел,20277
826,ФО,Приволжский,край,Пермский,г,Березники,156350
827,ФО,Приволжский,край,Пермский,г,Усолье,5694
828,ФО,Приволжский,край,Пермский,г,Соликамск,97239
829,ФО,Приволжский,край,Пермский,г,Красновишерск,17129
830,ФО,Приволжский,край,Пермский,г,Чердынь,4920
831,ФО,Приволжский,край,Пермский,г,Добрянка,35720
832,ФО,Приволжский,край,Пермский,г,Горнозаводск,12334
833,ФО,Приволжский,край,Пермский,г,Лысьва,67712
834,ФО,Приволжский,край,Пермский,г,Кудымкар,30711
835,ФО,Уральский,обл,Свердловская,г,Екатеринбург,1377738
836,ФО,Уральский,обл,Свердловская,г,Нижний Тагил,361883
837,ФО,Уральский,обл,Свердловская,г,Михайловск,9215
838,ФО,Уральский,обл,Свердловская,г,Нижние Серги,11217
839,ФО,Уральский,обл,Свердловская,г,Первоуральск,149800
840,ФО,Уральский,обл,Свердловская,г,Дегтярск,15521
841,ФО,Уральский,обл,Свердловская,г,Ревда,61713
842,ФО,Уральский,обл,Свердловская,г,Красноуфимск,39765
843,ФО,Уральский,обл,Свердловская,г,Полевской,64316
844,ФО,Уральский,обл,Свердловская,г,Каменск-Уральский,174710
845,ФО,Уральский,обл,Свердловская,г,Богданович,31752
846,ФО,Уральский,обл,Свердловская,г,Талица,18339
847,ФО,Уральский,обл,Свердловская,г,Березовский,51583
848,ФО,Уральский,обл,Свердловская,г,Реж,38709
849,ФО,Уральский,обл,Свердловская,г,Артемовский,32878
850,ФО,Уральский,обл,Свердловская,г,Ирбит,38352
851,ФО,Уральский,обл,Свердловская,г,Туринск,17990
852,ФО,Уральский,обл,Свердловская,г,Тавда,35421
853,ФО,Уральский,обл,Свердловская,г,Арамиль,14227
854,ФО,Уральский,обл,Свердловская,г,Сысерть,20594
855,ФО,Уральский,обл,Свердловская,г,Среднеуральск,20357
856,ФО,Уральский,обл,Свердловская,г,Верхняя Пышма,58707
857,ФО,Уральский,обл,Свердловская,г,Новоуральск,91813
858,ФО,Уральский,обл,Свердловская,г,Кировград,21959
859,ФО,Уральский,обл,Свердловская,г,Верхний Тагил,11843
860,ФО,Уральский,обл,Свердловская,г,Невьянск,25147
861,ФО,Уральский,обл,Свердловская,г,Лесной,52464
862,ФО,Уральский,обл,Свердловская,г,Нижняя Тура,21596
863,ФО,Уральский,обл,Свердловская,г,Заречный,26803
864,ФО,Уральский,обл,Свердловская,г,Асбест,70067
865,ФО,Уральский,обл,Свердловская,г,Кушва,33027
866,ФО,Уральский,обл,Свердловская,г,Верхняя Тура,9468
867,ФО,Уральский,обл,Свердловская,г,Красноуральск,24973
868,ФО,Уральский,обл,Свердловская,г,Качканар,42563
869,ФО,Уральский,обл,Свердловская,г,Верхотурье,8815
870,ФО,Уральский,обл,Свердловская,г,Новая Ляля,12400
871,ФО,Уральский,обл,Свердловская,г,Краснотурьинск,59701
872,ФО,Уральский,обл,Свердловская,г,Североуральск,29279
873,ФО,Уральский,обл,Свердловская,г,Ивдель,17764
874,ФО,Уральский,обл,Свердловская,г,Алапаевск,38198
875,ФО,Уральский,обл,Свердловская,г,Нижняя Салда,17969
876,ФО,Уральский,обл,Свердловская,г,Верхняя Салда,46240
877,ФО,Уральский,обл,Свердловская,г,Сухой Лог,34836
878,ФО,Уральский,обл,Свердловская,г,Камышлов,26875
879,ФО,Уральский,обл,Свердловская,г,Карпинск,29118
880,ФО,Уральский,обл,Свердловская,г,Волчанск,10008
881,ФО,Уральский,обл,Свердловская,г,Серов,99381
882,ФО,Уральский,обл,Тюменская,г,Тюмень,581758
883,ФО,Уральский,обл,Тюменская,г,Тобольск,99698
884,ФО,Уральский,обл,Тюменская,г,Ялуторовск,36494
885,ФО,Уральский,обл,Тюменская,г,Заводоуковск,25657
886,ФО,Уральский,обл,Тюменская,г,Ишим,69567
887,ФО,Уральский,АО,Ханты-Мансийский Автономный округ - Югра,г,Ханты-Мансийск,79410
888,ФО,Уральский,АО,Ханты-Мансийский Автономный округ - Югра,г,Белоярский,20283
889,ФО,Уральский,АО,Ханты-Мансийский Автономный округ - Югра,г,Нягань,54903
890,ФО,Уральский,АО,Ханты-Мансийский Автономный округ - Югра,г,Советский,26434
891,ФО,Уральский,АО,Ханты-Мансийский Автономный округ - Югра,г,Югорск,34066
892,ФО,Уральский,АО,Ханты-Мансийский Автономный округ - Югра,г,Урай,39435
893,ФО,Уральский,АО,Ханты-Мансийский Автономный округ - Югра,г,Нефтеюганск,123276
894,ФО,Уральский,АО,Ханты-Мансийский Автономный округ - Югра,г,Пыть-Ях,41453
895,ФО,Уральский,АО,Ханты-Мансийский Автономный округ - Югра,г,Сургут,306703
896,ФО,Уральский,АО,Ханты-Мансийский Автономный округ - Югра,г,Лянтор,38922
897,ФО,Уральский,АО,Ханты-Мансийский Автономный округ - Югра,г,Радужный,43394
898,ФО,Уральский,АО,Ханты-Мансийский Автономный округ - Югра,г,Когалым,58192
899,ФО,Уральский,АО,Ханты-Мансийский Автономный округ - Югра,г,Нижневартовск,251860
900,ФО,Уральский,АО,Ханты-Мансийский Автономный округ - Югра,г,Покачи,17053
901,ФО,Уральский,АО,Ханты-Мансийский Автономный округ - Югра,г,Лангепас,41675
902,ФО,Уральский,АО,Ханты-Мансийский Автономный округ - Югра,г,Мегион,49471
903,ФО,Уральский,АО,Ямало-Ненецкий,г,Салехард,42494
904,ФО,Уральский,АО,Ямало-Ненецкий,г,Новый Уренгой,104144
905,ФО,Уральский,АО,Ямало-Ненецкий,г,Лабытнанги,26948
906,ФО,Уральский,АО,Ямало-Ненецкий,г,Муравленко,33401
907,ФО,Уральский,АО,Ямало-Ненецкий,г,Надым,46550
908,ФО,Уральский,АО,Ямало-Ненецкий,г,Ноябрьск,110572
909,ФО,Уральский,АО,Ямало-Ненецкий,г,Губкинский,23340
910,ФО,Уральский,АО,Ямало-Ненецкий,г,Тарко-Сале,20372
911,ФО,Сибирский,обл,Новосибирская,г,Новосибирск,1498921
912,ФО,Сибирский,обл,Новосибирская,г,Татарск,26114
913,ФО,Сибирский,обл,Новосибирская,г,Барабинск,30250
914,ФО,Сибирский,обл,Новосибирская,г,Куйбышев,47278
915,ФО,Сибирский,обл,Новосибирская,г,Каргат,10620
916,ФО,Сибирский,обл,Новосибирская,г,Чулым,11964
917,ФО,Сибирский,обл,Новосибирская,г,Купино,15448
918,ФО,Сибирский,обл,Новосибирская,г,Карасук,28929
919,ФО,Сибирский,обл,Новосибирская,г,Бердск,98809
920,ФО,Сибирский,обл,Новосибирская,г,Обь,26137
921,ФО,Сибирский,обл,Новосибирская,г,Искитим,60072
922,ФО,Сибирский,обл,Новосибирская,г,Болотное,16969
923,ФО,Сибирский,обл,Новосибирская,г,Тогучин,21531
924,ФО,Сибирский,обл,Новосибирская,г,Черепаново,19346
925,ФО,Сибирский,обл,Томская,г,Томск,522940
926,ФО,Сибирский,обл,Томская,г,Северск,108466
927,ФО,Сибирский,обл,Томская,г,Колпашево,24126
928,ФО,Сибирский,обл,Томская,г,Кедровый,2451
929,ФО,Сибирский,обл,Томская,г,Стрежевой,42216
930,ФО,Сибирский,обл,Томская,г,Асино,25614
931,ФО,Уральский,обл,Курганская,г,Курган,333640
932,ФО,Уральский,обл,Курганская,г,Щучье,10971
933,ФО,Уральский,обл,Курганская,г,Шумиха,17821
934,ФО,Уральский,обл,Курганская,г,Куртамыш,17098
935,ФО,Уральский,обл,Курганская,г,Макушино,8337
936,ФО,Уральский,обл,Курганская,г,Петухово,11291
937,ФО,Уральский,обл,Курганская,г,Катайск,14017
938,ФО,Уральский,обл,Курганская,г,Далматово,13913
939,ФО,Уральский,обл,Курганская,г,Шадринск,77744
940,ФО,Сибирский,обл,Омская,г,Омск,1154000
941,ФО,Сибирский,обл,Омская,г,Исилькуль,25905
942,ФО,Сибирский,обл,Омская,г,Называевск,12119
943,ФО,Сибирский,обл,Омская,г,Тюкалинск,12050
944,ФО,Сибирский,обл,Омская,г,Тара,26664
945,ФО,Сибирский,обл,Омская,г,Калачинск,24000
946,ФО,Сибирский,край,Красноярский,г,Дудинка,22207
947,ФО,Сибирский,Респ,Алтай,г,Горно-Алтайск,62861
948,ФО,Сибирский,обл,Кемеровская область - Кузбасс,г,Кемерово,532884
949,ФО,Сибирский,обл,Кемеровская область - Кузбасс,г,Юрга,81536
950,ФО,Сибирский,обл,Кемеровская область - Кузбасс,г,Мариинск,40522
951,ФО,Сибирский,обл,Кемеровская область - Кузбасс,г,Топки,28642
952,ФО,Сибирский,обл,Кемеровская область - Кузбасс,г,Тайга,25330
953,ФО,Сибирский,обл,Кемеровская область - Кузбасс,г,Березовский,47292
954,ФО,Сибирский,обл,Кемеровская область - Кузбасс,г,Анжеро-Судженск,76669
955,ФО,Сибирский,обл,Кемеровская область - Кузбасс,г,Ленинск-Кузнецкий,101666
956,ФО,Сибирский,обл,Кемеровская область - Кузбасс,г,Полысаево,27624
957,ФО,Сибирский,обл,Кемеровская область - Кузбасс,г,Белово,76752
958,ФО,Сибирский,обл,Кемеровская область - Кузбасс,г,Киселевск,98382
959,ФО,Сибирский,обл,Кемеровская область - Кузбасс,г,Прокопьевск,210150
960,ФО,Сибирский,обл,Кемеровская область - Кузбасс,г,Калтан,21893
961,ФО,Сибирский,обл,Кемеровская область - Кузбасс,г,Салаир,8263
962,ФО,Сибирский,обл,Кемеровская область - Кузбасс,г,Гурьевск,24816
963,ФО,Сибирский,обл,Кемеровская область - Кузбасс,г,Осинники,45997
964,ФО,Сибирский,обл,Кемеровская область - Кузбасс,г,Мыски,43029
965,ФО,Сибирский,обл,Кемеровская область - Кузбасс,г,Междуреченск,101995
966,ФО,Сибирский,обл,Кемеровская область - Кузбасс,г,Таштагол,23114
967,ФО,Сибирский,обл,Кемеровская область - Кузбасс,г,Новокузнецк,547885
968,ФО,Сибирский,Респ,Хакасия,г,Абакан,165183
969,ФО,Сибирский,Респ,Хакасия,г,Сорск,12140
970,ФО,Сибирский,Респ,Хакасия,г,Черногорск,72117
971,ФО,Сибирский,Респ,Хакасия,г,Саяногорск,49889
972,ФО,Сибирский,Респ,Хакасия,г,Абаза,17111
973,ФО,Сибирский,край,Алтайский,г,Барнаул,635585
974,ФО,Сибирский,край,Алтайский,г,Новоалтайск,73134
975,ФО,Сибирский,край,Алтайский,г,Алейск,28528
976,ФО,Сибирский,край,Алтайский,г,Рубцовск,146386
977,ФО,Сибирский,край,Алтайский,г,Горняк,13040
978,ФО,Сибирский,край,Алтайский,г,Змеиногорск,10569
979,ФО,Сибирский,край,Алтайский,г,Камень-на-Оби,41787
980,ФО,Сибирский,край,Алтайский,г,Славгород,30370
981,ФО,Сибирский,край,Алтайский,г,Яровое,18085
982,ФО,Сибирский,край,Алтайский,г,Заринск,47035
983,ФО,Сибирский,край,Алтайский,г,Бийск,203826
984,ФО,Сибирский,край,Алтайский,г,Белокуриха,15072
985,ФО,Сибирский,край,Красноярский,г,Красноярск,973826
986,ФО,Сибирский,край,Красноярский,г,Боготол,21029
987,ФО,Сибирский,край,Красноярский,г,Ачинск,109156
988,ФО,Сибирский,край,Красноярский,г,Назарово,52829
989,ФО,Сибирский,край,Красноярский,г,Ужур,16079
990,ФО,Сибирский,край,Красноярский,г,Шарыпово,38570
991,ФО,Сибирский,край,Красноярский,г,Сосновоборск,33090
992,ФО,Сибирский,край,Красноярский,г,Лесосибирск,61146
993,ФО,Сибирский,край,Красноярский,г,Минусинск,71171
994,ФО,Сибирский,край,Красноярский,г,Артемовск,2180
995,ФО,Сибирский,край,Красноярский,г,Железногорск,85559
996,ФО,Сибирский,край,Красноярский,г,Дивногорск,28271
997,ФО,Сибирский,край,Красноярский,г,Енисейск,18769
998,ФО,Сибирский,край,Красноярский,г,Игарка,6183
999,ФО,Сибирский,край,Красноярский,г,Норильск,175301
1000,ФО,Сибирский,край,Красноярский,г,Кодинск,14835
1001,ФО,Сибирский,край,Красноярский,г,Канск,94230
1002,ФО,Сибирский,край,Красноярский,г,Зеленогорск,66018
1003,ФО,Сибирский,край,Красноярский,г,Иланский,16108
1004,ФО,Сибирский,край,Красноярский,г,Уяр,12666
1005,ФО,Сибирский,край,Красноярский,г,Заозерный,10683
1006,ФО,Сибирский,край,Красноярский,г,Бородино,17423
1007,ФО,Сибирский,обл,Иркутская,г,Иркутск,587225
1008,ФО,Сибирский,обл,Иркутская,г,Тайшет,35481
1009,ФО,Сибирский,обл,Иркутская,г,Бирюсинск,8981
1010,ФО,Сибирский,обл,Иркутская,г,Нижнеудинск,37056
1011,ФО,Сибирский,обл,Иркутская,г,Алзамай,6751
1012,ФО,Сибирский,обл,Иркутская,г,Тулун,44603
1013,ФО,Сибирский,обл,Иркутская,г,Зима,32522
1014,ФО,Сибирский,обл,Иркутская,г,Черемхово,52650
1015,ФО,Сибирский,обл,Иркутская,г,Свирск,13649
1016,ФО,Сибирский,обл,Иркутская,г,Усолье-Сибирское,83364
1017,ФО,Сибирский,обл,Иркутская,г,Железногорск-Илимский,26134
1018,ФО,Сибирский,обл,Иркутская,г,Братск,246348
1019,ФО,Сибирский,обл,Иркутская,г,Вихоревка,22528
1020,ФО,Сибирский,обл,Иркутская,г,Ангарск,233765
1021,ФО,Сибирский,обл,Иркутская,г,Слюдянка,18542
1022,ФО,Сибирский,обл,Иркутская,г,Байкальск,13589
1023,ФО,Сибирский,обл,Иркутская,г,Шелехов,47960
1024,ФО,Сибирский,обл,Иркутская,г,Саянск,40786
1025,ФО,Сибирский,обл,Иркутская,г,Усть-Илимск,86591
1026,ФО,Сибирский,обл,Иркутская,г,Киренск,12652
1027,ФО,Сибирский,обл,Иркутская,г,Усть-Кут,45061
1028,ФО,Сибирский,обл,Иркутская,г,Бодайбо,15331
1029,ФО,Сибирский,Респ,Тыва,г,Кызыл,109906
1030,ФО,Сибирский,Респ,Тыва,г,Ак-Довурак,13469
1031,ФО,Сибирский,Респ,Тыва,г,Чадан,9037
1032,ФО,Сибирский,Респ,Тыва,г,Шагонар,10958
1033,ФО,Сибирский,Респ,Тыва,г,Туран,4988
1034,ФО,Дальневосточный,Респ,Бурятия,г,Улан-Удэ,431922
1035,ФО,Дальневосточный,Респ,Бурятия,г,Гусиноозерск,23280
1036,ФО,Дальневосточный,Респ,Бурятия,г,Бабушкин,4542
1037,ФО,Дальневосточный,Респ,Бурятия,г,Северобайкальск,23673
1038,ФО,Дальневосточный,Респ,Бурятия,г,Кяхта,20013
1039,ФО,Дальневосточный,Респ,Бурятия,г,Закаменск,11249
1040,ФО,Дальневосточный,край,Забайкальский,г,Чита,323964
1041,ФО,Дальневосточный,край,Забайкальский,г,Петровск-Забайкальский,18555
1042,ФО,Дальневосточный,край,Забайкальский,г,Хилок,11530
1043,ФО,Дальневосточный,край,Забайкальский,г,Шилка,13947
1044,ФО,Дальневосточный,край,Забайкальский,г,Нерчинск,14976
1045,ФО,Дальневосточный,край,Забайкальский,г,Балей,12536
1046,ФО,Дальневосточный,край,Забайкальский,г,Сретенск,6850
1047,ФО,Дальневосточный,край,Забайкальский,г,Могоча,13228
1048,ФО,Дальневосточный,край,Забайкальский,г,Борзя,31376
1049,ФО,Дальневосточный,край,Забайкальский,г,Краснокаменск,55668
1050,ФО,Дальневосточный,обл,Амурская,г,Благовещенск,214397
1051,ФО,Дальневосточный,обл,Амурская,г,Сковородино,9561
1052,ФО,Дальневосточный,обл,Амурская,г,Зея,25042
1053,ФО,Дальневосточный,обл,Амурская,г,Тында,35574
1054,ФО,Дальневосточный,обл,Амурская,г,Шимановск,19815
1055,ФО,Дальневосточный,обл,Амурская,г,Свободный,58594
1056,ФО,Дальневосточный,обл,Амурская,г,Циолковский,6208
1057,ФО,Дальневосточный,обл,Амурская,г,Райчихинск,20499
1058,ФО,Дальневосточный,обл,Амурская,г,Белогорск,68220
1059,ФО,Дальневосточный,обл,Амурская,г,Завитинск,11481
1060,ФО,Дальневосточный,Респ,Саха /Якутия/,г,Якутск,269486
1061,ФО,Дальневосточный,Респ,Саха /Якутия/,г,Покровск,9495
1062,ФО,Дальневосточный,Респ,Саха /Якутия/,г,Олекминск,9487
1063,ФО,Дальневосточный,Респ,Саха /Якутия/,г,Ленск,24955
1064,ФО,Дальневосточный,Респ,Саха /Якутия/,г,Мирный,37179
1065,ФО,Дальневосточный,Респ,Саха /Якутия/,г,Удачный,12611
1066,ФО,Дальневосточный,Респ,Саха /Якутия/,г,Вилюйск,10233
1067,ФО,Дальневосточный,Респ,Саха /Якутия/,г,Нюрба,10156
1068,ФО,Дальневосточный,Респ,Саха /Якутия/,г,Верхоянск,1311
1069,ФО,Дальневосточный,Респ,Саха /Якутия/,г,Среднеколымск,3525
1070,ФО,Дальневосточный,Респ,Саха /Якутия/,г,Алдан,21277
1071,ФО,Дальневосточный,Респ,Саха /Якутия/,г,Томмот,8054
1072,ФО,Дальневосточный,Респ,Саха /Якутия/,г,Нерюнгри,61746
1073,ФО,Дальневосточный,Аобл,Еврейская,г,Биробиджан,75419
1074,ФО,Дальневосточный,Аобл,Еврейская,г,Облучье,9379
1075,ФО,Дальневосточный,край,Хабаровский,г,Хабаровск,577668
1076,ФО,Дальневосточный,край,Хабаровский,г,Комсомольск-на-Амуре,263906
1077,ФО,Дальневосточный,край,Хабаровский,г,Николаевск-на-Амуре,22773
1078,ФО,Дальневосточный,край,Хабаровский,г,Амурск,42977
1079,ФО,Дальневосточный,край,Хабаровский,г,Советская Гавань,27712
1080,ФО,Дальневосточный,край,Хабаровский,г,Вяземский,14556
1081,ФО,Дальневосточный,край,Хабаровский,г,Бикин,17156
1082,ФО,Дальневосточный,край,Камчатский,г,Петропавловск-Камчатский,179526
1083,ФО,Дальневосточный,край,Камчатский,г,Елизово,39548
1084,ФО,Дальневосточный,край,Камчатский,г,Вилючинск,22905
1085,ФО,Дальневосточный,обл,Магаданская,г,Магадан,95925
1086,ФО,Дальневосточный,обл,Магаданская,г,Сусуман,5865
1087,ФО,Дальневосточный,АО,Чукотский,г,Анадырь,13053
1088,ФО,Дальневосточный,АО,Чукотский,г,Певек,4161
1089,ФО,Дальневосточный,АО,Чукотский,г,Билибино,5504
1090,ФО,Дальневосточный,край,Приморский,г,Владивосток,592069
1091,ФО,Дальневосточный,край,Приморский,г,Лесозаводск,36975
1092,ФО,Дальневосточный,край,Приморский,г,Дальнереченск,27601
1093,ФО,Дальневосточный,край,Приморский,г,Спасск-Дальний,44166
1094,ФО,Дальневосточный,край,Приморский,г,Арсеньев,56742
1095,ФО,Дальневосточный,край,Приморский,г,Дальнегорск,37503
1096,ФО,Дальневосточный,край,Приморский,г,Артем,102636
1097,ФО,Дальневосточный,край,Приморский,г,Уссурийск,157946
1098,ФО,Дальневосточный,край,Приморский,г,Большой Камень,39257
1099,ФО,Дальневосточный,край,Приморский,г,Партизанск,38648
1100,ФО,Дальневосточный,край,Приморский,г,Фокино,23683
1101,ФО,Дальневосточный,край,Приморский,г,Находка,159695
1102,ФО,Дальневосточный,обл,Сахалинская,г,Южно-Сахалинск,181727
1103,ФО,Дальневосточный,обл,Сахалинская,г,Корсаков,33526
1104,ФО,Дальневосточный,обл,Сахалинская,г,Анива,8449
1105,ФО,Дальневосточный,обл,Сахалинская,г,Долинск,12200
1106,ФО,Дальневосточный,обл,Сахалинская,г,Макаров,6788
1107,ФО,Дальневосточный,обл,Сахалинская,г,Поронайск,16461
1108,ФО,Дальневосточный,обл,Сахалинская,г,Александровск-Сахалинский,10613
1109,ФО,Дальневосточный,обл,Сахалинская,г,Оха,23007
1110,ФО,Дальневосточный,обл,Сахалинская,г,Курильск,2070
1111,ФО,Дальневосточный,обл,Сахалинская,г,Северо-Курильск,2381
1112,ФО,Дальневосточный,обл,Сахалинская,г,Холмск,30936
1113,ФО,Дальневосточный,обл,Сахалинская,г,Невельск,11682
1114,ФО,Дальневосточный,обл,Сахалинская,г,Томари,4537
1115,ФО,Дальневосточный,обл,Сахалинская,г,Углегорск,11880
1117,ФО,Северо-Кавказский,Респ,Чеченская,г,Аргун,29528
